{
    "code":200,
    "status":"OK",
    "data": [
        {
            "number": 1,
            "name": "\u0633\u064f\u0648\u0631\u064e\u0629\u064f \u0671\u0644\u0652\u0641\u064e\u0627\u062a\u0650\u062d\u064e\u0629\u0650",
            "englishName": "Al-Faatiha",
            "englishNameTranslation": "The Opening",
            "numberOfAyahs": 7,
            "revelationType": "Meccan"
        },
        {
            "number": 2,
            "name": "\u0633\u064f\u0648\u0631\u064e\u0629\u064f \u0627\u0644\u0628\u064e\u0642\u064e\u0631\u064e\u0629\u0650",
            "englishName": "Al-Baqara",
            "englishNameTranslation": "The Cow",
            "numberOfAyahs": 286,
            "revelationType": "Medinan"
        },
        {
            "number": 3,
            "name": "\u0633\u064f\u0648\u0631\u064e\u0629\u064f \u0627\u0653\u0644\u0650 \u0639\u0650\u0645\u06e1\u0631\u064e\u0627\u0646\u064e",
            "englishName": "Aal-i-Imraan",
            "englishNameTranslation": "The Family of Imraan",
            "numberOfAyahs": 200,
            "revelationType": "Medinan"
        },
        {
            "number": 4,
            "name": "\u0633\u064f\u0648\u0631\u064e\u0629\u064f \u0627\u0644\u0646\u0651\u0650\u0633\u064e\u0627\u0621\u0650",
            "englishName": "An-Nisaa",
            "englishNameTranslation": "The Women",
            "numberOfAyahs": 176,
            "revelationType": "Medinan"
        },
        {
            "number": 5,
            "name": "\u0633\u064f\u0648\u0631\u064e\u0629\u064f \u0627\u0644\u0645\u064e\u0627\u0626\u0640\u0650\u062f\u064e\u0629\u0650",
            "englishName": "Al-Maaida",
            "englishNameTranslation": "The Table",
            "numberOfAyahs": 120,
            "revelationType": "Medinan"
        },
        {
            "number": 6,
            "name": "\u0633\u064f\u0648\u0631\u064e\u0629\u064f \u0627\u0644\u0623\u064e\u0646\u06e1\u0639\u064e\u0627\u0645\u0650",
            "englishName": "Al-An'aam",
            "englishNameTranslation": "The Cattle",
            "numberOfAyahs": 165,
            "revelationType": "Meccan"
        },
        {
            "number": 7,
            "name": "\u0633\u064f\u0648\u0631\u064e\u0629\u064f \u0627\u0644\u0623\u064e\u0639\u06e1\u0631\u064e\u0627\u0641\u0650",
            "englishName": "Al-A'raaf",
            "englishNameTranslation": "The Heights",
            "numberOfAyahs": 206,
            "revelationType": "Meccan"
        },
        {
            "number": 8,
            "name": "\u0633\u064f\u0648\u0631\u064e\u0629\u064f \u0627\u0644\u0623\u064e\u0646\u0641\u064e\u0627\u0644\u0650",
            "englishName": "Al-Anfaal",
            "englishNameTranslation": "The Spoils of War",
            "numberOfAyahs": 75,
            "revelationType": "Medinan"
        },
        {
            "number": 9,
            "name": "\u0633\u064f\u0648\u0631\u064e\u0629\u064f \u0627\u0644\u062a\u0651\u064e\u0648\u06e1\u0628\u064e\u0629\u0650",
            "englishName": "At-Tawba",
            "englishNameTranslation": "The Repentance",
            "numberOfAyahs": 129,
            "revelationType": "Medinan"
        },
        {
            "number": 10,
            "name": "\u0633\u064f\u0648\u0631\u064e\u0629\u064f \u064a\u064f\u0648\u0646\u064f\u0633\u064e",
            "englishName": "Yunus",
            "englishNameTranslation": "Jonas",
            "numberOfAyahs": 109,
            "revelationType": "Meccan"
        },
        {
            "number": 11,
            "name": "\u0633\u064f\u0648\u0631\u064e\u0629\u064f \u0647\u064f\u0648\u062f\u064d",
            "englishName": "Hud",
            "englishNameTranslation": "Hud",
            "numberOfAyahs": 123,
            "revelationType": "Meccan"
        },
        {
            "number": 12,
            "name": "\u0633\u064f\u0648\u0631\u064e\u0629\u064f \u064a\u064f\u0648\u0633\u064f\u0641\u064e",
            "englishName": "Yusuf",
            "englishNameTranslation": "Joseph",
            "numberOfAyahs": 111,
            "revelationType": "Meccan"
        },
        {
            "number": 13,
            "name": "\u0633\u064f\u0648\u0631\u064e\u0629\u064f \u0627\u0644\u0631\u0651\u064e\u0639\u06e1\u062f\u0650",
            "englishName": "Ar-Ra'd",
            "englishNameTranslation": "The Thunder",
            "numberOfAyahs": 43,
            "revelationType": "Medinan"
        },
        {
            "number": 14,
            "name": "\u0633\u064f\u0648\u0631\u064e\u0629\u064f \u0625\u0650\u0628\u06e1\u0631\u064e\u0627\u0647\u0650\u064a\u0645\u064e",
            "englishName": "Ibrahim",
            "englishNameTranslation": "Abraham",
            "numberOfAyahs": 52,
            "revelationType": "Meccan"
        },
        {
            "number": 15,
            "name": "\u0633\u064f\u0648\u0631\u064e\u0629\u064f \u0627\u0644\u062d\u0650\u062c\u06e1\u0631\u0650",
            "englishName": "Al-Hijr",
            "englishNameTranslation": "The Rock",
            "numberOfAyahs": 99,
            "revelationType": "Meccan"
        },
        {
            "number": 16,
            "name": "\u0633\u064f\u0648\u0631\u064e\u0629\u064f \u0627\u0644\u0646\u0651\u064e\u062d\u06e1\u0644\u0650",
            "englishName": "An-Nahl",
            "englishNameTranslation": "The Bee",
            "numberOfAyahs": 128,
            "revelationType": "Meccan"
        },
        {
            "number": 17,
            "name": "\u0633\u064f\u0648\u0631\u064e\u0629\u064f \u0627\u0644\u0625\u0650\u0633\u06e1\u0631\u064e\u0627\u0621\u0650",
            "englishName": "Al-Israa",
            "englishNameTranslation": "The Night Journey",
            "numberOfAyahs": 111,
            "revelationType": "Meccan"
        },
        {
            "number": 18,
            "name": "\u0633\u064f\u0648\u0631\u064e\u0629\u064f \u0627\u0644\u0643\u064e\u0647\u06e1\u0641\u0650",
            "englishName": "Al-Kahf",
            "englishNameTranslation": "The Cave",
            "numberOfAyahs": 110,
            "revelationType": "Meccan"
        },
        {
            "number": 19,
            "name": "\u0633\u064f\u0648\u0631\u064e\u0629\u064f \u0645\u064e\u0631\u06e1\u064a\u064e\u0645\u064e",
            "englishName": "Maryam",
            "englishNameTranslation": "Mary",
            "numberOfAyahs": 98,
            "revelationType": "Meccan"
        },
        {
            "number": 20,
            "name": "\u0633\u064f\u0648\u0631\u064e\u0629\u064f \u0637\u0647",
            "englishName": "Taa-Haa",
            "englishNameTranslation": "Taa-Haa",
            "numberOfAyahs": 135,
            "revelationType": "Meccan"
        },
        {
            "number": 21,
            "name": "\u0633\u064f\u0648\u0631\u064e\u0629\u064f \u0627\u0644\u0623\u064e\u0646\u0628\u0650\u064a\u064e\u0627\u0621\u0650",
            "englishName": "Al-Anbiyaa",
            "englishNameTranslation": "The Prophets",
            "numberOfAyahs": 112,
            "revelationType": "Meccan"
        },
        {
            "number": 22,
            "name": "\u0633\u064f\u0648\u0631\u064e\u0629\u064f \u0627\u0644\u062d\u064e\u062c\u0651\u0650",
            "englishName": "Al-Hajj",
            "englishNameTranslation": "The Pilgrimage",
            "numberOfAyahs": 78,
            "revelationType": "Medinan"
        },
        {
            "number": 23,
            "name": "\u0633\u064f\u0648\u0631\u064e\u0629\u064f \u0627\u0644\u0645\u064f\u0624\u06e1\u0645\u0650\u0646\u064f\u0648\u0646\u064e",
            "englishName": "Al-Muminoon",
            "englishNameTranslation": "The Believers",
            "numberOfAyahs": 118,
            "revelationType": "Meccan"
        },
        {
            "number": 24,
            "name": "\u0633\u064f\u0648\u0631\u064e\u0629\u064f \u0627\u0644\u0646\u0651\u064f\u0648\u0631\u0650",
            "englishName": "An-Noor",
            "englishNameTranslation": "The Light",
            "numberOfAyahs": 64,
            "revelationType": "Medinan"
        },
        {
            "number": 25,
            "name": "\u0633\u064f\u0648\u0631\u064e\u0629\u064f \u0627\u0644\u0641\u064f\u0631\u06e1\u0642\u064e\u0627\u0646\u0650",
            "englishName": "Al-Furqaan",
            "englishNameTranslation": "The Criterion",
            "numberOfAyahs": 77,
            "revelationType": "Meccan"
        },
        {
            "number": 26,
            "name": "\u0633\u064f\u0648\u0631\u064e\u0629\u064f \u0627\u0644\u0634\u0651\u064f\u0639\u064e\u0631\u064e\u0627\u0621\u0650",
            "englishName": "Ash-Shu'araa",
            "englishNameTranslation": "The Poets",
            "numberOfAyahs": 227,
            "revelationType": "Meccan"
        },
        {
            "number": 27,
            "name": "\u0633\u064f\u0648\u0631\u064e\u0629\u064f \u0627\u0644\u0646\u0651\u064e\u0645\u06e1\u0644\u0650",
            "englishName": "An-Naml",
            "englishNameTranslation": "The Ant",
            "numberOfAyahs": 93,
            "revelationType": "Meccan"
        },
        {
            "number": 28,
            "name": "\u0633\u064f\u0648\u0631\u064e\u0629\u064f \u0627\u0644\u0642\u064e\u0635\u064e\u0635\u0650",
            "englishName": "Al-Qasas",
            "englishNameTranslation": "The Stories",
            "numberOfAyahs": 88,
            "revelationType": "Meccan"
        },
        {
            "number": 29,
            "name": "\u0633\u064f\u0648\u0631\u064e\u0629\u064f \u0627\u0644\u0639\u064e\u0646\u0643\u064e\u0628\u064f\u0648\u062a\u0650",
            "englishName": "Al-Ankaboot",
            "englishNameTranslation": "The Spider",
            "numberOfAyahs": 69,
            "revelationType": "Meccan"
        },
        {
            "number": 30,
            "name": "\u0633\u064f\u0648\u0631\u064e\u0629\u064f \u0627\u0644\u0631\u0651\u064f\u0648\u0645\u0650",
            "englishName": "Ar-Room",
            "englishNameTranslation": "The Romans",
            "numberOfAyahs": 60,
            "revelationType": "Meccan"
        },
        {
            "number": 31,
            "name": "\u0633\u064f\u0648\u0631\u064e\u0629\u064f \u0644\u064f\u0642\u06e1\u0645\u064e\u0627\u0646\u064e",
            "englishName": "Luqman",
            "englishNameTranslation": "Luqman",
            "numberOfAyahs": 34,
            "revelationType": "Meccan"
        },
        {
            "number": 32,
            "name": "\u0633\u064f\u0648\u0631\u064e\u0629\u064f \u0627\u0644\u0633\u0651\u064e\u062c\u06e1\u062f\u064e\u0629\u0650",
            "englishName": "As-Sajda",
            "englishNameTranslation": "The Prostration",
            "numberOfAyahs": 30,
            "revelationType": "Meccan"
        },
        {
            "number": 33,
            "name": "\u0633\u064f\u0648\u0631\u064e\u0629\u064f \u0627\u0644\u0623\u064e\u062d\u06e1\u0632\u064e\u0627\u0628\u0650",
            "englishName": "Al-Ahzaab",
            "englishNameTranslation": "The Clans",
            "numberOfAyahs": 73,
            "revelationType": "Medinan"
        },
        {
            "number": 34,
            "name": "\u0633\u064f\u0648\u0631\u064e\u0629\u064f \u0633\u064e\u0628\u064e\u0625\u064d",
            "englishName": "Saba",
            "englishNameTranslation": "Sheba",
            "numberOfAyahs": 54,
            "revelationType": "Meccan"
        },
        {
            "number": 35,
            "name": "\u0633\u064f\u0648\u0631\u064e\u0629\u064f \u0641\u064e\u0627\u0637\u0650\u0631\u064d",
            "englishName": "Faatir",
            "englishNameTranslation": "The Originator",
            "numberOfAyahs": 45,
            "revelationType": "Meccan"
        },
        {
            "number": 36,
            "name": "\u0633\u064f\u0648\u0631\u064e\u0629\u064f \u064a\u0633\u0653",
            "englishName": "Yaseen",
            "englishNameTranslation": "Yaseen",
            "numberOfAyahs": 83,
            "revelationType": "Meccan"
        },
        {
            "number": 37,
            "name": "\u0633\u064f\u0648\u0631\u064e\u0629\u064f \u0627\u0644\u0635\u0651\u064e\u0627\u0641\u0651\u064e\u0627\u062a\u0650",
            "englishName": "As-Saaffaat",
            "englishNameTranslation": "Those drawn up in Ranks",
            "numberOfAyahs": 182,
            "revelationType": "Meccan"
        },
        {
            "number": 38,
            "name": "\u0633\u064f\u0648\u0631\u064e\u0629\u064f \u0635\u0653",
            "englishName": "Saad",
            "englishNameTranslation": "The letter Saad",
            "numberOfAyahs": 88,
            "revelationType": "Meccan"
        },
        {
            "number": 39,
            "name": "\u0633\u064f\u0648\u0631\u064e\u0629\u064f \u0627\u0644\u0632\u0651\u064f\u0645\u064e\u0631\u0650",
            "englishName": "Az-Zumar",
            "englishNameTranslation": "The Groups",
            "numberOfAyahs": 75,
            "revelationType": "Meccan"
        },
        {
            "number": 40,
            "name": "\u0633\u064f\u0648\u0631\u064e\u0629\u064f \u063a\u064e\u0627\u0641\u0650\u0631\u064d",
            "englishName": "Ghafir",
            "englishNameTranslation": "The Forgiver",
            "numberOfAyahs": 85,
            "revelationType": "Meccan"
        },
        {
            "number": 41,
            "name": "\u0633\u064f\u0648\u0631\u064e\u0629\u064f \u0641\u064f\u0635\u0651\u0650\u0644\u064e\u062a\u06e1",
            "englishName": "Fussilat",
            "englishNameTranslation": "Explained in detail",
            "numberOfAyahs": 54,
            "revelationType": "Meccan"
        },
        {
            "number": 42,
            "name": "\u0633\u064f\u0648\u0631\u064e\u0629\u064f \u0627\u0644\u0634\u0651\u064f\u0648\u0631\u064e\u0649\u0670",
            "englishName": "Ash-Shura",
            "englishNameTranslation": "Consultation",
            "numberOfAyahs": 53,
            "revelationType": "Meccan"
        },
        {
            "number": 43,
            "name": "\u0633\u064f\u0648\u0631\u064e\u0629\u064f \u0627\u0644\u0632\u0651\u064f\u062e\u06e1\u0631\u064f\u0641\u0650",
            "englishName": "Az-Zukhruf",
            "englishNameTranslation": "Ornaments of gold",
            "numberOfAyahs": 89,
            "revelationType": "Meccan"
        },
        {
            "number": 44,
            "name": "\u0633\u064f\u0648\u0631\u064e\u0629\u064f \u0627\u0644\u062f\u0651\u064f\u062e\u064e\u0627\u0646\u0650",
            "englishName": "Ad-Dukhaan",
            "englishNameTranslation": "The Smoke",
            "numberOfAyahs": 59,
            "revelationType": "Meccan"
        },
        {
            "number": 45,
            "name": "\u0633\u064f\u0648\u0631\u064e\u0629\u064f \u0627\u0644\u062c\u064e\u0627\u062b\u0650\u064a\u064e\u0629\u0650",
            "englishName": "Al-Jaathiya",
            "englishNameTranslation": "Crouching",
            "numberOfAyahs": 37,
            "revelationType": "Meccan"
        },
        {
            "number": 46,
            "name": "\u0633\u064f\u0648\u0631\u064e\u0629\u064f \u0627\u0644\u0623\u064e\u062d\u06e1\u0642\u064e\u0627\u0641\u0650",
            "englishName": "Al-Ahqaf",
            "englishNameTranslation": "The Dunes",
            "numberOfAyahs": 35,
            "revelationType": "Meccan"
        },
        {
            "number": 47,
            "name": "\u0633\u064f\u0648\u0631\u064e\u0629\u064f \u0645\u064f\u062d\u064e\u0645\u0651\u064e\u062f\u064d",
            "englishName": "Muhammad",
            "englishNameTranslation": "Muhammad",
            "numberOfAyahs": 38,
            "revelationType": "Medinan"
        },
        {
            "number": 48,
            "name": "\u0633\u064f\u0648\u0631\u064e\u0629\u064f \u0627\u0644\u0641\u064e\u062a\u06e1\u062d\u0650",
            "englishName": "Al-Fath",
            "englishNameTranslation": "The Victory",
            "numberOfAyahs": 29,
            "revelationType": "Medinan"
        },
        {
            "number": 49,
            "name": "\u0633\u064f\u0648\u0631\u064e\u0629\u064f \u0627\u0644\u062d\u064f\u062c\u064f\u0631\u064e\u0627\u062a\u0650",
            "englishName": "Al-Hujuraat",
            "englishNameTranslation": "The Inner Apartments",
            "numberOfAyahs": 18,
            "revelationType": "Medinan"
        },
        {
            "number": 50,
            "name": "\u0633\u064f\u0648\u0631\u064e\u0629\u064f \u0642\u0653",
            "englishName": "Qaaf",
            "englishNameTranslation": "The letter Qaaf",
            "numberOfAyahs": 45,
            "revelationType": "Meccan"
        },
        {
            "number": 51,
            "name": "\u0633\u064f\u0648\u0631\u064e\u0629\u064f \u0627\u0644\u0630\u0651\u064e\u0627\u0631\u0650\u064a\u064e\u0627\u062a\u0650",
            "englishName": "Adh-Dhaariyat",
            "englishNameTranslation": "The Winnowing Winds",
            "numberOfAyahs": 60,
            "revelationType": "Meccan"
        },
        {
            "number": 52,
            "name": "\u0633\u064f\u0648\u0631\u064e\u0629\u064f \u0627\u0644\u0637\u0651\u064f\u0648\u0631\u0650",
            "englishName": "At-Tur",
            "englishNameTranslation": "The Mount",
            "numberOfAyahs": 49,
            "revelationType": "Meccan"
        },
        {
            "number": 53,
            "name": "\u0633\u064f\u0648\u0631\u064e\u0629\u064f \u0627\u0644\u0646\u0651\u064e\u062c\u06e1\u0645\u0650",
            "englishName": "An-Najm",
            "englishNameTranslation": "The Star",
            "numberOfAyahs": 62,
            "revelationType": "Meccan"
        },
        {
            "number": 54,
            "name": "\u0633\u064f\u0648\u0631\u064e\u0629\u064f \u0627\u0644\u0642\u064e\u0645\u064e\u0631\u0650",
            "englishName": "Al-Qamar",
            "englishNameTranslation": "The Moon",
            "numberOfAyahs": 55,
            "revelationType": "Meccan"
        },
        {
            "number": 55,
            "name": "\u0633\u064f\u0648\u0631\u064e\u0629\u064f \u0627\u0644\u0631\u0651\u064e\u062d\u06e1\u0645\u064e\u0670\u0646",
            "englishName": "Ar-Rahmaan",
            "englishNameTranslation": "The Beneficent",
            "numberOfAyahs": 78,
            "revelationType": "Medinan"
        },
        {
            "number": 56,
            "name": "\u0633\u064f\u0648\u0631\u064e\u0629\u064f \u0627\u0644\u0648\u064e\u0627\u0642\u0650\u0639\u064e\u0629\u0650",
            "englishName": "Al-Waaqia",
            "englishNameTranslation": "The Inevitable",
            "numberOfAyahs": 96,
            "revelationType": "Meccan"
        },
        {
            "number": 57,
            "name": "\u0633\u064f\u0648\u0631\u064e\u0629\u064f \u0627\u0644\u062d\u064e\u062f\u0650\u064a\u062f\u0650",
            "englishName": "Al-Hadid",
            "englishNameTranslation": "The Iron",
            "numberOfAyahs": 29,
            "revelationType": "Medinan"
        },
        {
            "number": 58,
            "name": "\u0633\u064f\u0648\u0631\u064e\u0629\u064f \u0627\u0644\u0645\u064f\u062c\u064e\u0627\u062f\u0644\u064e\u0629\u0650",
            "englishName": "Al-Mujaadila",
            "englishNameTranslation": "The Pleading Woman",
            "numberOfAyahs": 22,
            "revelationType": "Medinan"
        },
        {
            "number": 59,
            "name": "\u0633\u064f\u0648\u0631\u064e\u0629\u064f \u0627\u0644\u062d\u064e\u0634\u06e1\u0631\u0650",
            "englishName": "Al-Hashr",
            "englishNameTranslation": "The Exile",
            "numberOfAyahs": 24,
            "revelationType": "Medinan"
        },
        {
            "number": 60,
            "name": "\u0633\u064f\u0648\u0631\u064e\u0629\u064f \u0627\u0644\u0645\u064f\u0645\u06e1\u062a\u064e\u062d\u0646\u064e\u0629\u0650",
            "englishName": "Al-Mumtahana",
            "englishNameTranslation": "She that is to be examined",
            "numberOfAyahs": 13,
            "revelationType": "Medinan"
        },
        {
            "number": 61,
            "name": "\u0633\u064f\u0648\u0631\u064e\u0629\u064f \u0627\u0644\u0635\u0651\u064e\u0641\u0651\u0650",
            "englishName": "As-Saff",
            "englishNameTranslation": "The Ranks",
            "numberOfAyahs": 14,
            "revelationType": "Medinan"
        },
        {
            "number": 62,
            "name": "\u0633\u064f\u0648\u0631\u064e\u0629\u064f \u0627\u0644\u062c\u064f\u0645\u064f\u0639\u064e\u0629\u0650",
            "englishName": "Al-Jumu'a",
            "englishNameTranslation": "Friday",
            "numberOfAyahs": 11,
            "revelationType": "Medinan"
        },
        {
            "number": 63,
            "name": "\u0633\u064f\u0648\u0631\u064e\u0629\u064f \u0627\u0644\u0645\u064f\u0646\u064e\u0627\u0641\u0650\u0642\u064f\u0648\u0646\u064e",
            "englishName": "Al-Munaafiqoon",
            "englishNameTranslation": "The Hypocrites",
            "numberOfAyahs": 11,
            "revelationType": "Medinan"
        },
        {
            "number": 64,
            "name": "\u0633\u064f\u0648\u0631\u064e\u0629\u064f \u0627\u0644\u062a\u0651\u064e\u063a\u064e\u0627\u0628\u064f\u0646\u0650",
            "englishName": "At-Taghaabun",
            "englishNameTranslation": "Mutual Disillusion",
            "numberOfAyahs": 18,
            "revelationType": "Medinan"
        },
        {
            "number": 65,
            "name": "\u0633\u064f\u0648\u0631\u064e\u0629\u064f \u0627\u0644\u0637\u0651\u064e\u0644\u064e\u0627\u0642\u0650",
            "englishName": "At-Talaaq",
            "englishNameTranslation": "Divorce",
            "numberOfAyahs": 12,
            "revelationType": "Medinan"
        },
        {
            "number": 66,
            "name": "\u0633\u064f\u0648\u0631\u064e\u0629\u064f \u0627\u0644\u062a\u0651\u064e\u062d\u06e1\u0631\u0650\u064a\u0645\u0650",
            "englishName": "At-Tahrim",
            "englishNameTranslation": "The Prohibition",
            "numberOfAyahs": 12,
            "revelationType": "Medinan"
        },
        {
            "number": 67,
            "name": "\u0633\u064f\u0648\u0631\u064e\u0629\u064f \u0627\u0644\u0645\u064f\u0644\u06e1\u0643\u0650",
            "englishName": "Al-Mulk",
            "englishNameTranslation": "The Sovereignty",
            "numberOfAyahs": 30,
            "revelationType": "Meccan"
        },
        {
            "number": 68,
            "name": "\u0633\u064f\u0648\u0631\u064e\u0629\u064f \u0627\u0644\u0642\u064e\u0644\u064e\u0645\u0650",
            "englishName": "Al-Qalam",
            "englishNameTranslation": "The Pen",
            "numberOfAyahs": 52,
            "revelationType": "Meccan"
        },
        {
            "number": 69,
            "name": "\u0633\u064f\u0648\u0631\u064e\u0629\u064f \u0627\u0644\u062d\u064e\u0627\u0642\u0651\u064e\u0629\u0650",
            "englishName": "Al-Haaqqa",
            "englishNameTranslation": "The Reality",
            "numberOfAyahs": 52,
            "revelationType": "Meccan"
        },
        {
            "number": 70,
            "name": "\u0633\u064f\u0648\u0631\u064e\u0629\u064f \u0627\u0644\u0645\u064e\u0639\u064e\u0627\u0631\u0650\u062c\u0650",
            "englishName": "Al-Ma'aarij",
            "englishNameTranslation": "The Ascending Stairways",
            "numberOfAyahs": 44,
            "revelationType": "Meccan"
        },
        {
            "number": 71,
            "name": "\u0633\u064f\u0648\u0631\u064e\u0629\u064f \u0646\u064f\u0648\u062d\u064d",
            "englishName": "Nooh",
            "englishNameTranslation": "Noah",
            "numberOfAyahs": 28,
            "revelationType": "Meccan"
        },
        {
            "number": 72,
            "name": "\u0633\u064f\u0648\u0631\u064e\u0629\u064f \u0627\u0644\u062c\u0650\u0646\u0651\u0650",
            "englishName": "Al-Jinn",
            "englishNameTranslation": "The Jinn",
            "numberOfAyahs": 28,
            "revelationType": "Meccan"
        },
        {
            "number": 73,
            "name": "\u0633\u064f\u0648\u0631\u064e\u0629\u064f \u0627\u0644\u0645\u064f\u0632\u0651\u064e\u0645\u0651\u0650\u0644\u0650",
            "englishName": "Al-Muzzammil",
            "englishNameTranslation": "The Enshrouded One",
            "numberOfAyahs": 20,
            "revelationType": "Meccan"
        },
        {
            "number": 74,
            "name": "\u0633\u064f\u0648\u0631\u064e\u0629\u064f \u0627\u0644\u0645\u064f\u062f\u0651\u064e\u062b\u0651\u0650\u0631\u0650",
            "englishName": "Al-Muddaththir",
            "englishNameTranslation": "The Cloaked One",
            "numberOfAyahs": 56,
            "revelationType": "Meccan"
        },
        {
            "number": 75,
            "name": "\u0633\u064f\u0648\u0631\u064e\u0629\u064f \u0627\u0644\u0642\u0650\u064a\u064e\u0627\u0645\u064e\u0629\u0650",
            "englishName": "Al-Qiyaama",
            "englishNameTranslation": "The Resurrection",
            "numberOfAyahs": 40,
            "revelationType": "Meccan"
        },
        {
            "number": 76,
            "name": "\u0633\u064f\u0648\u0631\u064e\u0629\u064f \u0627\u0644\u0625\u0650\u0646\u0633\u064e\u0627\u0646\u0650",
            "englishName": "Al-Insaan",
            "englishNameTranslation": "Man",
            "numberOfAyahs": 31,
            "revelationType": "Medinan"
        },
        {
            "number": 77,
            "name": "\u0633\u064f\u0648\u0631\u064e\u0629\u064f \u0627\u0644\u0645\u064f\u0631\u06e1\u0633\u064e\u0644\u064e\u0627\u062a\u0650",
            "englishName": "Al-Mursalaat",
            "englishNameTranslation": "The Emissaries",
            "numberOfAyahs": 50,
            "revelationType": "Meccan"
        },
        {
            "number": 78,
            "name": "\u0633\u064f\u0648\u0631\u064e\u0629\u064f \u0627\u0644\u0646\u0651\u064e\u0628\u064e\u0625\u0650",
            "englishName": "An-Naba",
            "englishNameTranslation": "The Announcement",
            "numberOfAyahs": 40,
            "revelationType": "Meccan"
        },
        {
            "number": 79,
            "name": "\u0633\u064f\u0648\u0631\u064e\u0629\u064f \u0627\u0644\u0646\u0651\u064e\u0627\u0632\u0650\u0639\u064e\u0627\u062a\u0650",
            "englishName": "An-Naazi'aat",
            "englishNameTranslation": "Those who drag forth",
            "numberOfAyahs": 46,
            "revelationType": "Meccan"
        },
        {
            "number": 80,
            "name": "\u0633\u064f\u0648\u0631\u064e\u0629\u064f \u0639\u064e\u0628\u064e\u0633\u064e",
            "englishName": "Abasa",
            "englishNameTranslation": "He frowned",
            "numberOfAyahs": 42,
            "revelationType": "Meccan"
        },
        {
            "number": 81,
            "name": "\u0633\u064f\u0648\u0631\u064e\u0629\u064f \u0627\u0644\u062a\u0651\u064e\u0643\u06e1\u0648\u0650\u064a\u0631\u0650",
            "englishName": "At-Takwir",
            "englishNameTranslation": "The Overthrowing",
            "numberOfAyahs": 29,
            "revelationType": "Meccan"
        },
        {
            "number": 82,
            "name": "\u0633\u064f\u0648\u0631\u064e\u0629\u064f \u0627\u0644\u0627\u0646\u0641\u0650\u0637\u064e\u0627\u0631\u0650",
            "englishName": "Al-Infitaar",
            "englishNameTranslation": "The Cleaving",
            "numberOfAyahs": 19,
            "revelationType": "Meccan"
        },
        {
            "number": 83,
            "name": "\u0633\u064f\u0648\u0631\u064e\u0629\u064f \u0627\u0644\u0645\u064f\u0637\u064e\u0641\u0651\u0650\u0641\u0650\u064a\u0646\u064e",
            "englishName": "Al-Mutaffifin",
            "englishNameTranslation": "Defrauding",
            "numberOfAyahs": 36,
            "revelationType": "Meccan"
        },
        {
            "number": 84,
            "name": "\u0633\u064f\u0648\u0631\u064e\u0629\u064f \u0627\u0644\u0627\u0646\u0634\u0650\u0642\u064e\u0627\u0642\u0650",
            "englishName": "Al-Inshiqaaq",
            "englishNameTranslation": "The Splitting Open",
            "numberOfAyahs": 25,
            "revelationType": "Meccan"
        },
        {
            "number": 85,
            "name": "\u0633\u064f\u0648\u0631\u064e\u0629\u064f \u0627\u0644\u0628\u064f\u0631\u064f\u0648\u062c\u0650",
            "englishName": "Al-Burooj",
            "englishNameTranslation": "The Constellations",
            "numberOfAyahs": 22,
            "revelationType": "Meccan"
        },
        {
            "number": 86,
            "name": "\u0633\u064f\u0648\u0631\u064e\u0629\u064f \u0627\u0644\u0637\u0651\u064e\u0627\u0631\u0650\u0642\u0650",
            "englishName": "At-Taariq",
            "englishNameTranslation": "The Morning Star",
            "numberOfAyahs": 17,
            "revelationType": "Meccan"
        },
        {
            "number": 87,
            "name": "\u0633\u064f\u0648\u0631\u064e\u0629\u064f \u0627\u0644\u0623\u064e\u0639\u06e1\u0644\u064e\u0649\u0670",
            "englishName": "Al-A'laa",
            "englishNameTranslation": "The Most High",
            "numberOfAyahs": 19,
            "revelationType": "Meccan"
        },
        {
            "number": 88,
            "name": "\u0633\u064f\u0648\u0631\u064e\u0629\u064f \u0627\u0644\u063a\u064e\u0627\u0634\u0650\u064a\u064e\u0629\u0650",
            "englishName": "Al-Ghaashiya",
            "englishNameTranslation": "The Overwhelming",
            "numberOfAyahs": 26,
            "revelationType": "Meccan"
        },
        {
            "number": 89,
            "name": "\u0633\u064f\u0648\u0631\u064e\u0629\u064f \u0627\u0644\u0641\u064e\u062c\u06e1\u0631\u0650",
            "englishName": "Al-Fajr",
            "englishNameTranslation": "The Dawn",
            "numberOfAyahs": 30,
            "revelationType": "Meccan"
        },
        {
            "number": 90,
            "name": "\u0633\u064f\u0648\u0631\u064e\u0629\u064f \u0627\u0644\u0628\u064e\u0644\u064e\u062f\u0650",
            "englishName": "Al-Balad",
            "englishNameTranslation": "The City",
            "numberOfAyahs": 20,
            "revelationType": "Meccan"
        },
        {
            "number": 91,
            "name": "\u0633\u064f\u0648\u0631\u064e\u0629\u064f \u0627\u0644\u0634\u0651\u064e\u0645\u06e1\u0633\u0650",
            "englishName": "Ash-Shams",
            "englishNameTranslation": "The Sun",
            "numberOfAyahs": 15,
            "revelationType": "Meccan"
        },
        {
            "number": 92,
            "name": "\u0633\u064f\u0648\u0631\u064e\u0629\u064f \u0627\u0644\u0644\u0651\u064e\u064a\u06e1\u0644\u0650",
            "englishName": "Al-Lail",
            "englishNameTranslation": "The Night",
            "numberOfAyahs": 21,
            "revelationType": "Meccan"
        },
        {
            "number": 93,
            "name": "\u0633\u064f\u0648\u0631\u064e\u0629\u064f \u0627\u0644\u0636\u0651\u064f\u062d\u064e\u0649\u0670",
            "englishName": "Ad-Dhuhaa",
            "englishNameTranslation": "The Morning Hours",
            "numberOfAyahs": 11,
            "revelationType": "Meccan"
        },
        {
            "number": 94,
            "name": "\u0633\u064f\u0648\u0631\u064e\u0629\u064f \u0627\u0644\u0634\u0651\u064e\u0631\u06e1\u062d\u0650",
            "englishName": "Ash-Sharh",
            "englishNameTranslation": "The Consolation",
            "numberOfAyahs": 8,
            "revelationType": "Meccan"
        },
        {
            "number": 95,
            "name": "\u0633\u064f\u0648\u0631\u064e\u0629\u064f \u0627\u0644\u062a\u0651\u0650\u064a\u0646\u0650",
            "englishName": "At-Tin",
            "englishNameTranslation": "The Fig",
            "numberOfAyahs": 8,
            "revelationType": "Meccan"
        },
        {
            "number": 96,
            "name": "\u0633\u064f\u0648\u0631\u064e\u0629\u064f \u0627\u0644\u0639\u064e\u0644\u064e\u0642\u0650",
            "englishName": "Al-Alaq",
            "englishNameTranslation": "The Clot",
            "numberOfAyahs": 19,
            "revelationType": "Meccan"
        },
        {
            "number": 97,
            "name": "\u0633\u064f\u0648\u0631\u064e\u0629\u064f \u0627\u0644\u0642\u064e\u062f\u06e1\u0631\u0650",
            "englishName": "Al-Qadr",
            "englishNameTranslation": "The Power, Fate",
            "numberOfAyahs": 5,
            "revelationType": "Meccan"
        },
        {
            "number": 98,
            "name": "\u0633\u064f\u0648\u0631\u064e\u0629\u064f \u0627\u0644\u0628\u064e\u064a\u0651\u0650\u0646\u064e\u0629\u0650",
            "englishName": "Al-Bayyina",
            "englishNameTranslation": "The Evidence",
            "numberOfAyahs": 8,
            "revelationType": "Medinan"
        },
        {
            "number": 99,
            "name": "\u0633\u064f\u0648\u0631\u064e\u0629\u064f \u0627\u0644\u0632\u0651\u064e\u0644\u06e1\u0632\u064e\u0644\u064e\u0629\u0650",
            "englishName": "Az-Zalzala",
            "englishNameTranslation": "The Earthquake",
            "numberOfAyahs": 8,
            "revelationType": "Medinan"
        },
        {
            "number": 100,
            "name": "\u0633\u064f\u0648\u0631\u064e\u0629\u064f \u0627\u0644\u0639\u064e\u0627\u062f\u0650\u064a\u064e\u0627\u062a\u0650",
            "englishName": "Al-Aadiyaat",
            "englishNameTranslation": "The Chargers",
            "numberOfAyahs": 11,
            "revelationType": "Meccan"
        },
        {
            "number": 101,
            "name": "\u0633\u064f\u0648\u0631\u064e\u0629\u064f \u0627\u0644\u0642\u064e\u0627\u0631\u0650\u0639\u064e\u0629\u0650",
            "englishName": "Al-Qaari'a",
            "englishNameTranslation": "The Calamity",
            "numberOfAyahs": 11,
            "revelationType": "Meccan"
        },
        {
            "number": 102,
            "name": "\u0633\u064f\u0648\u0631\u064e\u0629\u064f \u0627\u0644\u062a\u0651\u064e\u0643\u064e\u0627\u062b\u064f\u0631\u0650",
            "englishName": "At-Takaathur",
            "englishNameTranslation": "Competition",
            "numberOfAyahs": 8,
            "revelationType": "Meccan"
        },
        {
            "number": 103,
            "name": "\u0633\u064f\u0648\u0631\u064e\u0629\u064f \u0627\u0644\u0639\u064e\u0635\u06e1\u0631\u0650",
            "englishName": "Al-Asr",
            "englishNameTranslation": "The Declining Day, Epoch",
            "numberOfAyahs": 3,
            "revelationType": "Meccan"
        },
        {
            "number": 104,
            "name": "\u0633\u064f\u0648\u0631\u064e\u0629\u064f \u0627\u0644\u0647\u064f\u0645\u064e\u0632\u064e\u0629\u0650",
            "englishName": "Al-Humaza",
            "englishNameTranslation": "The Traducer",
            "numberOfAyahs": 9,
            "revelationType": "Meccan"
        },
        {
            "number": 105,
            "name": "\u0633\u064f\u0648\u0631\u064e\u0629\u064f \u0627\u0644\u0641\u0650\u064a\u0644\u0650",
            "englishName": "Al-Fil",
            "englishNameTranslation": "The Elephant",
            "numberOfAyahs": 5,
            "revelationType": "Meccan"
        },
        {
            "number": 106,
            "name": "\u0633\u064f\u0648\u0631\u064e\u0629\u064f \u0642\u064f\u0631\u064e\u064a\u06e1\u0634\u064d",
            "englishName": "Quraish",
            "englishNameTranslation": "Quraysh",
            "numberOfAyahs": 4,
            "revelationType": "Meccan"
        },
        {
            "number": 107,
            "name": "\u0633\u064f\u0648\u0631\u064e\u0629\u064f \u0627\u0644\u0645\u064e\u0627\u0639\u064f\u0648\u0646\u0650",
            "englishName": "Al-Maa'un",
            "englishNameTranslation": "Almsgiving",
            "numberOfAyahs": 7,
            "revelationType": "Meccan"
        },
        {
            "number": 108,
            "name": "\u0633\u064f\u0648\u0631\u064e\u0629\u064f \u0627\u0644\u0643\u064e\u0648\u06e1\u062b\u064e\u0631\u0650",
            "englishName": "Al-Kawthar",
            "englishNameTranslation": "Abundance",
            "numberOfAyahs": 3,
            "revelationType": "Meccan"
        },
        {
            "number": 109,
            "name": "\u0633\u064f\u0648\u0631\u064e\u0629\u064f \u0627\u0644\u0643\u064e\u0627\u0641\u0650\u0631\u064f\u0648\u0646\u064e",
            "englishName": "Al-Kaafiroon",
            "englishNameTranslation": "The Disbelievers",
            "numberOfAyahs": 6,
            "revelationType": "Meccan"
        },
        {
            "number": 110,
            "name": "\u0633\u064f\u0648\u0631\u064e\u0629\u064f \u0627\u0644\u0646\u0651\u064e\u0635\u06e1\u0631\u0650",
            "englishName": "An-Nasr",
            "englishNameTranslation": "Divine Support",
            "numberOfAyahs": 3,
            "revelationType": "Medinan"
        },
        {
            "number": 111,
            "name": "\u0633\u064f\u0648\u0631\u064e\u0629\u064f \u0627\u0644\u0645\u064e\u0633\u064e\u062f\u0650",
            "englishName": "Al-Masad",
            "englishNameTranslation": "The Palm Fibre",
            "numberOfAyahs": 5,
            "revelationType": "Meccan"
        },
        {
            "number": 112,
            "name": "\u0633\u064f\u0648\u0631\u064e\u0629\u064f \u0627\u0644\u0625\u0650\u062e\u06e1\u0644\u064e\u0627\u0635\u0650",
            "englishName": "Al-Ikhlaas",
            "englishNameTranslation": "Sincerity",
            "numberOfAyahs": 4,
            "revelationType": "Meccan"
        },
        {
            "number": 113,
            "name": "\u0633\u064f\u0648\u0631\u064e\u0629\u064f \u0627\u0644\u0641\u064e\u0644\u064e\u0642\u0650",
            "englishName": "Al-Falaq",
            "englishNameTranslation": "The Dawn",
            "numberOfAyahs": 5,
            "revelationType": "Meccan"
        },
        {
            "number": 114,
            "name": "\u0633\u064f\u0648\u0631\u064e\u0629\u064f \u0627\u0644\u0646\u0651\u064e\u0627\u0633\u0650",
            "englishName": "An-Naas",
            "englishNameTranslation": "Mankind",
            "numberOfAyahs": 6,
            "revelationType": "Meccan"
        }
    ]
}